n,alpha_spread,capacity,sum_kstar,rho,regime,all_clients_concave,greedy_obj,dp_obj,milp_obj,greedy_minus_dp,dp_minus_milp,greedy_is_optimal,alloc_matches_dp,greedy_alloc,dp_alloc
2,0.0,2,10,5.0,binding,True,3.424516524238393,3.424516524238393,3.424516524238393,0.0,0.0,True,True,1|1,1|1
2,0.0,3,10,3.3333333333333335,binding,True,3.917862931301811,3.917862931301811,3.917862931301811,0.0,0.0,True,True,2|1,2|1
2,0.0,4,10,2.5,binding,True,4.4112093383652295,4.4112093383652295,4.4112093383652295,0.0,0.0,True,True,2|2,2|2
2,0.0,5,10,2.0,binding,True,4.733327323629397,4.733327323629397,4.733327323629397,0.0,0.0,True,True,3|2,3|2
2,0.0,6,10,1.6666666666666667,binding,True,5.055445308893565,5.055445308893565,5.055445308893565,0.0,0.0,True,True,3|3,3|3
2,0.0,7,10,1.4285714285714286,binding,True,5.238197574459012,5.238197574459012,5.238197574459012,0.0,0.0,True,True,4|3,4|3
2,0.0,8,10,1.25,binding,True,5.42094984002446,5.42094984002446,5.420949840024459,0.0,8.881784197001252e-16,True,True,4|4,4|4
2,0.0,9,10,1.1111111111111112,binding,True,5.475666741282557,5.475666741282557,5.475666741282557,0.0,0.0,True,True,5|4,5|4
2,0.0,10,10,1.0,slack,True,5.530383642540653,5.530383642540653,5.530383642540654,0.0,-8.881784197001252e-16,True,True,5|5,5|5
2,0.0,11,10,0.9090909090909091,slack,True,5.530383642540653,5.530383642540653,5.530383642540651,0.0,1.7763568394002505e-15,True,True,5|5,5|5
2,0.0,12,10,0.8333333333333334,slack,True,5.530383642540653,5.530383642540653,5.530383642540653,0.0,0.0,True,True,5|5,5|5
2,0.0,13,10,0.7692307692307693,slack,True,5.530383642540653,5.530383642540653,5.530383642540653,0.0,0.0,True,True,5|5,5|5
2,0.0,14,10,0.7142857142857143,slack,True,5.530383642540653,5.530383642540653,5.530383642540653,0.0,0.0,True,True,5|5,5|5
2,0.1,2,9,4.5,binding,True,3.425193073174353,3.425193073174353,3.425193073174353,0.0,0.0,True,True,1|1,1|1
2,0.1,3,9,3.0,binding,True,4.071341837015579,4.071341837015579,4.071341837015579,0.0,0.0,True,True,1|2,1|2
2,0.1,4,9,2.25,binding,True,4.564812674284171,4.564812674284171,4.564812674284171,0.0,0.0,True,True,1|3,1|3
2,0.1,5,9,1.8,binding,True,4.927702366578323,4.927702366578323,4.927702366578323,0.0,0.0,True,True,2|3,2|3
2,0.1,6,9,1.5,binding,True,5.27352395944348,5.27352395944348,5.27352395944348,0.0,0.0,True,True,2|4,2|4
2,0.1,7,9,1.2857142857142858,binding,True,5.47110212027094,5.47110212027094,5.47110212027094,0.0,0.0,True,True,3|4,3|4
2,0.1,8,9,1.125,binding,True,5.65630456653834,5.65630456653834,5.65630456653834,0.0,0.0,True,True,3|5,3|5
2,0.1,9,9,1.0,slack,True,5.740559673540727,5.740559673540727,5.740559673540728,0.0,-8.881784197001252e-16,True,True,4|5,4|5
2,0.1,10,9,0.9,slack,True,5.740559673540727,5.740559673540727,5.740559673540727,0.0,0.0,True,True,4|5,4|5
2,0.1,11,9,0.8181818181818182,slack,True,5.740559673540727,5.740559673540727,5.740559673540727,0.0,0.0,True,True,4|5,4|5
2,0.1,12,9,0.75,slack,True,5.740559673540727,5.740559673540727,5.740559673540727,0.0,0.0,True,True,4|5,4|5
2,0.1,13,9,0.6923076923076923,slack,True,5.740559673540727,5.740559673540727,5.740559673540727,0.0,0.0,True,True,4|5,4|5
2,0.18,2,10,5.0,binding,True,3.4269044094135483,3.4269044094135483,3.4269044094135483,0.0,0.0,True,True,1|1,1|1
2,0.18,3,10,3.3333333333333335,binding,True,4.213599346806344,4.213599346806344,4.213599346806344,0.0,0.0,True,True,1|2,1|2
2,0.18,4,10,2.5,binding,True,4.888341078586933,4.888341078586933,4.888341078586933,0.0,0.0,True,True,1|3,1|3
2,0.18,5,10,2.0,binding,True,5.436966829892795,5.436966829892795,5.436966829892795,0.0,0.0,True,True,1|4,1|4
2,0.18,6,10,1.6666666666666667,binding,True,5.82479418996926,5.82479418996926,5.824794189969261,0.0,-8.881784197001252e-16,True,True,1|5,1|5
2,0.18,7,10,1.4285714285714286,binding,True,6.0983244215250165,6.0983244215250165,6.0983244215250165,0.0,0.0,True,True,2|5,2|5
2,0.18,8,10,1.25,binding,True,6.223993632166449,6.223993632166449,6.223993632166449,0.0,0.0,True,True,2|6,2|6
2,0.18,9,10,1.1111111111111112,binding,True,6.3488997920694565,6.3488997920694565,6.3488997920694565,0.0,0.0,True,True,3|6,3|6
2,0.18,10,10,1.0,slack,True,6.385630497627661,6.385630497627661,6.385630497627661,0.0,0.0,True,True,4|6,4|6
2,0.18,11,10,0.9090909090909091,slack,True,6.385630497627661,6.385630497627661,6.385630497627661,0.0,0.0,True,True,4|6,4|6
2,0.18,12,10,0.8333333333333334,slack,True,6.385630497627661,6.385630497627661,6.385630497627661,0.0,0.0,True,True,4|6,4|6
2,0.18,13,10,0.7692307692307693,slack,True,6.385630497627661,6.385630497627661,6.385630497627661,0.0,0.0,True,True,4|6,4|6
2,0.18,14,10,0.7142857142857143,slack,True,6.385630497627661,6.385630497627661,6.385630497627661,0.0,0.0,True,True,4|6,4|6
3,0.0,3,15,5.0,binding,True,5.13677478635759,5.13677478635759,5.13677478635759,0.0,0.0,True,True,1|1|1,1|1|1
3,0.0,4,15,3.75,binding,True,5.630121193421008,5.630121193421008,5.630121193421008,0.0,0.0,True,True,2|1|1,2|1|1
3,0.0,5,15,3.0,binding,True,6.123467600484426,6.123467600484426,6.123467600484426,0.0,0.0,True,True,2|2|1,2|2|1
3,0.0,6,15,2.5,binding,True,6.616814007547845,6.616814007547845,6.616814007547845,0.0,0.0,True,True,2|2|2,2|2|2
3,0.0,7,15,2.142857142857143,binding,True,6.938931992812012,6.938931992812012,6.938931992812012,0.0,0.0,True,True,3|2|2,3|2|2
3,0.0,8,15,1.875,binding,True,7.26104997807618,7.26104997807618,7.261049978076179,0.0,8.881784197001252e-16,True,True,3|3|2,3|3|2
3,0.0,9,15,1.6666666666666667,binding,True,7.5831679633403475,7.5831679633403475,7.5831679633403475,0.0,0.0,True,True,3|3|3,3|3|3
3,0.0,10,15,1.5,binding,True,7.765920228905795,7.765920228905795,7.765920228905795,0.0,0.0,True,True,4|3|3,4|3|3
3,0.0,11,15,1.3636363636363635,binding,True,7.948672494471243,7.948672494471243,7.948672494471243,0.0,0.0,True,True,4|4|3,4|4|3
3,0.0,12,15,1.25,binding,True,8.13142476003669,8.13142476003669,8.13142476003669,0.0,0.0,True,True,4|4|4,4|4|4
3,0.0,13,15,1.1538461538461537,binding,True,8.186141661294787,8.186141661294787,8.186141661294785,0.0,1.7763568394002505e-15,True,True,5|4|4,5|4|4
3,0.0,14,15,1.0714285714285714,binding,True,8.240858562552884,8.240858562552884,8.240858562552884,0.0,0.0,True,True,5|5|4,5|5|4
3,0.0,15,15,1.0,slack,True,8.29557546381098,8.29557546381098,8.295575463810982,0.0,-1.7763568394002505e-15,True,True,5|5|5,5|5|5
3,0.0,16,15,0.9375,slack,True,8.29557546381098,8.29557546381098,8.29557546381098,0.0,0.0,True,True,5|5|5,5|5|5
3,0.0,17,15,0.8823529411764706,slack,True,8.29557546381098,8.29557546381098,8.295575463810971,0.0,8.881784197001252e-15,True,True,5|5|5,5|5|5
3,0.0,18,15,0.8333333333333334,slack,True,8.29557546381098,8.29557546381098,8.29557546381098,0.0,0.0,True,True,5|5|5,5|5|5
3,0.0,19,15,0.7894736842105263,slack,True,8.29557546381098,8.29557546381098,8.29557546381098,0.0,0.0,True,True,5|5|5,5|5|5
3,0.1,3,14,4.666666666666667,binding,True,5.137451335293549,5.137451335293549,5.137451335293549,0.0,0.0,True,True,1|1|1,1|1|1
3,0.1,4,14,3.5,binding,True,5.783600099134775,5.783600099134775,5.783600099134775,0.0,0.0,True,True,1|1|2,1|1|2
3,0.1,5,14,2.8,binding,True,6.277070936403367,6.277070936403367,6.277070936403367,0.0,0.0,True,True,1|1|3,1|1|3
3,0.1,6,14,2.3333333333333335,binding,True,6.770417343466786,6.770417343466786,6.770417343466786,0.0,0.0,True,True,1|2|3,1|2|3
3,0.1,7,14,2.0,binding,True,7.133307035760938,7.133307035760938,7.1333070357609385,0.0,-8.881784197001252e-16,True,True,2|2|3,2|2|3
3,0.1,8,14,1.75,binding,True,7.4791286286260945,7.4791286286260945,7.4791286286260945,0.0,0.0,True,True,2|2|4,2|2|4
3,0.1,9,14,1.5555555555555556,binding,True,7.801246613890262,7.801246613890262,7.801246613890262,0.0,0.0,True,True,2|3|4,2|3|4
3,0.1,10,14,1.4,binding,True,7.998824774717722,7.998824774717722,7.998824774717722,0.0,0.0,True,True,3|3|4,3|3|4
3,0.1,11,14,1.2727272727272727,binding,True,8.184027220985122,8.184027220985122,8.184027220985122,0.0,0.0,True,True,3|3|5,3|3|5
3,0.1,12,14,1.1666666666666667,binding,True,8.36677948655057,8.36677948655057,8.36677948655057,0.0,0.0,True,True,3|4|5,3|4|5
3,0.1,13,14,1.0769230769230769,binding,True,8.451034593552958,8.451034593552958,8.451034593552958,0.0,0.0,True,True,4|4|5,4|4|5
3,0.1,14,14,1.0,slack,True,8.505751494811054,8.505751494811054,8.505751494811056,0.0,-1.7763568394002505e-15,True,True,4|5|5,4|5|5
3,0.1,15,14,0.9333333333333333,slack,True,8.505751494811054,8.505751494811054,8.505751494811054,0.0,0.0,True,True,4|5|5,4|5|5
3,0.1,16,14,0.875,slack,True,8.505751494811054,8.505751494811054,8.505751494811054,0.0,0.0,True,True,4|5|5,4|5|5
3,0.1,17,14,0.8235294117647058,slack,True,8.505751494811054,8.505751494811054,8.505751494811054,0.0,0.0,True,True,4|5|5,4|5|5
3,0.1,18,14,0.7777777777777778,slack,True,8.505751494811054,8.505751494811054,8.505751494811054,0.0,0.0,True,True,4|5|5,4|5|5
3,0.18,3,15,5.0,binding,True,5.139162671532745,5.139162671532745,5.139162671532745,0.0,0.0,True,True,1|1|1,1|1|1
3,0.18,4,15,3.75,binding,True,5.92585760892554,5.92585760892554,5.92585760892554,0.0,0.0,True,True,1|1|2,1|1|2
3,0.18,5,15,3.0,binding,True,6.60059934070613,6.60059934070613,6.600599340706129,0.0,8.881784197001252e-16,True,True,1|1|3,1|1|3
3,0.18,6,15,2.5,binding,True,7.149225092011992,7.149225092011992,7.149225092011991,0.0,8.881784197001252e-16,True,True,1|1|4,1|1|4
3,0.18,7,15,2.142857142857143,binding,True,7.642571499075411,7.642571499075411,7.642571499075411,0.0,0.0,True,True,1|2|4,1|2|4
3,0.18,8,15,1.875,binding,True,8.030398859151875,8.030398859151875,8.030398859151875,0.0,0.0,True,True,1|2|5,1|2|5
3,0.18,9,15,1.6666666666666667,binding,True,8.352516844416042,8.352516844416042,8.35251684441604,0.0,1.7763568394002505e-15,True,True,1|3|5,1|3|5
3,0.18,10,15,1.5,binding,True,8.626047075971798,8.626047075971798,8.6260470759718,0.0,-1.7763568394002505e-15,True,True,2|3|5,2|3|5
3,0.18,11,15,1.3636363636363635,binding,True,8.808799341537245,8.808799341537245,8.808799341537247,0.0,-1.7763568394002505e-15,True,True,2|4|5,2|4|5
3,0.18,12,15,1.25,binding,True,8.934468552178679,8.934468552178679,8.93446855217868,0.0,-1.7763568394002505e-15,True,True,2|4|6,2|4|6
3,0.18,13,15,1.1538461538461537,binding,True,9.059374712081686,9.059374712081686,9.059374712081686,0.0,0.0,True,True,3|4|6,3|4|6
3,0.18,14,15,1.0714285714285714,binding,True,9.114091613339783,9.114091613339783,9.114091613339783,0.0,0.0,True,True,3|5|6,3|5|6
3,0.18,15,15,1.0,slack,True,9.150822318897987,9.150822318897987,9.150822318897987,0.0,0.0,True,True,4|5|6,4|5|6
3,0.18,16,15,0.9375,slack,True,9.150822318897987,9.150822318897987,9.150822318897976,0.0,1.0658141036401503e-14,True,True,4|5|6,4|5|6
3,0.18,17,15,0.8823529411764706,slack,True,9.150822318897987,9.150822318897987,9.150822318897989,0.0,-1.7763568394002505e-15,True,True,4|5|6,4|5|6
3,0.18,18,15,0.8333333333333334,slack,True,9.150822318897987,9.150822318897987,9.150822318897987,0.0,0.0,True,True,4|5|6,4|5|6
3,0.18,19,15,0.7894736842105263,slack,True,9.150822318897987,9.150822318897987,9.150822318897989,0.0,-1.7763568394002505e-15,True,True,4|5|6,4|5|6
5,0.0,5,25,5.0,binding,True,8.561291310595982,8.561291310595982,8.561291310595982,0.0,0.0,True,True,1|1|1|1|1,1|1|1|1|1
5,0.0,6,25,4.166666666666667,binding,True,9.0546377176594,9.0546377176594,9.0546377176594,0.0,0.0,True,True,2|1|1|1|1,2|1|1|1|1
5,0.0,7,25,3.5714285714285716,binding,True,9.547984124722818,9.547984124722818,9.547984124722818,0.0,0.0,True,True,2|2|1|1|1,2|2|1|1|1
5,0.0,8,25,3.125,binding,True,10.041330531786237,10.041330531786237,10.041330531786237,0.0,0.0,True,True,2|2|2|1|1,2|2|2|1|1
5,0.0,9,25,2.7777777777777777,binding,True,10.534676938849655,10.534676938849655,10.534676938849655,0.0,0.0,True,True,2|2|2|2|1,2|2|2|2|1
5,0.0,10,25,2.5,binding,True,11.028023345913073,11.028023345913073,11.028023345913073,0.0,0.0,True,True,2|2|2|2|2,2|2|2|2|2
5,0.0,11,25,2.272727272727273,binding,True,11.350141331177241,11.350141331177241,11.350141331177241,0.0,0.0,True,True,3|2|2|2|2,3|2|2|2|2
5,0.0,12,25,2.0833333333333335,binding,True,11.672259316441409,11.672259316441409,11.672259316441409,0.0,0.0,True,True,3|3|2|2|2,3|3|2|2|2
5,0.0,13,25,1.9230769230769231,binding,True,11.994377301705576,11.994377301705576,11.994377301705576,0.0,0.0,True,True,3|3|3|2|2,3|3|3|2|2
5,0.0,14,25,1.7857142857142858,binding,True,12.316495286969744,12.316495286969744,12.316495286969744,0.0,0.0,True,True,3|3|3|3|2,3|3|3|3|2
5,0.0,15,25,1.6666666666666667,binding,True,12.638613272233911,12.638613272233911,12.638613272233911,0.0,0.0,True,True,3|3|3|3|3,3|3|3|3|3
5,0.0,16,25,1.5625,binding,True,12.821365537799359,12.821365537799359,12.821365537799359,0.0,0.0,True,True,4|3|3|3|3,4|3|3|3|3
5,0.0,17,25,1.4705882352941178,binding,True,13.004117803364807,13.004117803364807,13.004117803364807,0.0,0.0,True,True,4|4|3|3|3,4|4|3|3|3
5,0.0,18,25,1.3888888888888888,binding,True,13.186870068930254,13.186870068930254,13.186870068930254,0.0,0.0,True,True,4|4|4|3|3,4|4|4|3|3
5,0.0,19,25,1.3157894736842106,binding,True,13.369622334495702,13.369622334495702,13.369622334495702,0.0,0.0,True,True,4|4|4|4|3,4|4|4|4|3
5,0.0,20,25,1.25,binding,True,13.55237460006115,13.55237460006115,13.55237460006115,0.0,0.0,True,True,4|4|4|4|4,4|4|4|4|4
5,0.0,21,25,1.1904761904761905,binding,True,13.607091501319246,13.607091501319246,13.607091501319246,0.0,0.0,True,True,5|4|4|4|4,5|4|4|4|4
5,0.0,22,25,1.1363636363636365,binding,True,13.661808402577343,13.661808402577343,13.661808402577345,0.0,-1.7763568394002505e-15,True,True,5|5|4|4|4,5|5|4|4|4
5,0.0,23,25,1.0869565217391304,binding,True,13.71652530383544,13.71652530383544,13.716525303835441,0.0,-1.7763568394002505e-15,True,True,5|5|5|4|4,5|5|5|4|4
5,0.0,24,25,1.0416666666666667,binding,True,13.771242205093536,13.771242205093536,13.771242205093536,0.0,0.0,True,True,5|5|5|5|4,5|5|5|5|4
5,0.0,25,25,1.0,slack,True,13.825959106351632,13.825959106351632,13.825959106351632,0.0,0.0,True,True,5|5|5|5|5,5|5|5|5|5
5,0.0,26,25,0.9615384615384616,slack,True,13.825959106351632,13.825959106351632,13.825959106351624,0.0,8.881784197001252e-15,True,True,5|5|5|5|5,5|5|5|5|5
5,0.0,27,25,0.9259259259259259,slack,True,13.825959106351632,13.825959106351632,13.825959106351638,0.0,-5.329070518200751e-15,True,True,5|5|5|5|5,5|5|5|5|5
5,0.0,28,25,0.8928571428571429,slack,True,13.825959106351632,13.825959106351632,13.82595910635163,0.0,1.7763568394002505e-15,True,True,5|5|5|5|5,5|5|5|5|5
5,0.0,29,25,0.8620689655172413,slack,True,13.825959106351632,13.825959106351632,13.825959106351629,0.0,3.552713678800501e-15,True,True,5|5|5|5|5,5|5|5|5|5
5,0.1,5,24,4.8,binding,True,8.562133062853768,8.562133062853768,8.562133062853768,0.0,0.0,True,True,1|1|1|1|1,1|1|1|1|1
5,0.1,6,24,4.0,binding,True,9.208281826694993,9.208281826694993,9.208281826694993,0.0,0.0,True,True,1|1|1|1|2,1|1|1|1|2
5,0.1,7,24,3.4285714285714284,binding,True,9.775091593378644,9.775091593378644,9.775091593378644,0.0,0.0,True,True,1|1|1|2|2,1|1|1|2|2
5,0.1,8,24,3.0,binding,True,10.268562430647236,10.268562430647236,10.268562430647236,0.0,0.0,True,True,1|1|1|2|3,1|1|1|2|3
5,0.1,9,24,2.6666666666666665,binding,True,10.761908837710655,10.761908837710655,10.761908837710655,0.0,0.0,True,True,1|1|2|2|3,1|1|2|2|3
5,0.1,10,24,2.4,binding,True,11.187354606171978,11.187354606171978,11.187354606171978,0.0,0.0,True,True,1|2|2|2|3,1|2|2|2|3
5,0.1,11,24,2.1818181818181817,binding,True,11.588517680805275,11.588517680805275,11.588517680805277,0.0,-1.7763568394002505e-15,True,True,1|2|2|3|3,1|2|2|3|3
5,0.1,12,24,2.0,binding,True,11.951407373099428,11.951407373099428,11.951407373099428,0.0,0.0,True,True,2|2|2|3|3,2|2|2|3|3
5,0.1,13,24,1.8461538461538463,binding,True,12.297228965964585,12.297228965964585,12.297228965964585,0.0,0.0,True,True,2|2|2|3|4,2|2|2|3|4
5,0.1,14,24,1.7142857142857142,binding,True,12.619346951228753,12.619346951228753,12.619346951228753,0.0,0.0,True,True,2|2|3|3|4,2|2|3|3|4
5,0.1,15,24,1.6,binding,True,12.874041914588485,12.874041914588485,12.874041914588485,0.0,0.0,True,True,2|3|3|3|4,2|3|3|3|4
5,0.1,16,24,1.5,binding,True,13.128389399473576,13.128389399473576,13.128389399473576,0.0,0.0,True,True,2|3|3|4|4,2|3|3|4|4
5,0.1,17,24,1.411764705882353,binding,True,13.325967560301036,13.325967560301036,13.325967560301036,0.0,0.0,True,True,3|3|3|4|4,3|3|3|4|4
5,0.1,18,24,1.3333333333333333,binding,True,13.511170006568436,13.511170006568436,13.511170006568436,0.0,0.0,True,True,3|3|3|4|5,3|3|3|4|5
5,0.1,19,24,1.263157894736842,binding,True,13.693922272133884,13.693922272133884,13.693922272133884,0.0,0.0,True,True,3|3|4|4|5,3|3|4|4|5
5,0.1,20,24,1.2,binding,True,13.82098478330593,13.82098478330593,13.82098478330593,0.0,0.0,True,True,3|4|4|4|5,3|4|4|4|5
5,0.1,21,24,1.1428571428571428,binding,True,13.92893491441741,13.92893491441741,13.92893491441741,0.0,0.0,True,True,3|4|4|5|5,3|4|4|5|5
5,0.1,22,24,1.0909090909090908,binding,True,14.013190021419797,14.013190021419797,14.013190021419796,0.0,1.7763568394002505e-15,True,True,4|4|4|5|5,4|4|4|5|5
5,0.1,23,24,1.0434782608695652,binding,True,14.067906922677894,14.067906922677894,14.06790692267789,0.0,3.552713678800501e-15,True,True,4|4|5|5|5,4|4|5|5|5
5,0.1,24,24,1.0,slack,True,14.086551278190898,14.086551278190898,14.0865512781909,0.0,-1.7763568394002505e-15,True,True,4|5|5|5|5,4|5|5|5|5
5,0.1,25,24,0.96,slack,True,14.086551278190898,14.086551278190898,14.0865512781909,0.0,-1.7763568394002505e-15,True,True,4|5|5|5|5,4|5|5|5|5
5,0.1,26,24,0.9230769230769231,slack,True,14.086551278190898,14.086551278190898,14.086551278190896,0.0,1.7763568394002505e-15,True,True,4|5|5|5|5,4|5|5|5|5
5,0.1,27,24,0.8888888888888888,slack,True,14.086551278190898,14.086551278190898,14.0865512781909,0.0,-1.7763568394002505e-15,True,True,4|5|5|5|5,4|5|5|5|5
5,0.1,28,24,0.8571428571428571,slack,True,14.086551278190898,14.086551278190898,14.086551278190893,0.0,5.329070518200751e-15,True,True,4|5|5|5|5,4|5|5|5|5
5,0.18,5,24,4.8,binding,True,8.56422383991037,8.56422383991037,8.56422383991037,0.0,0.0,True,True,1|1|1|1|1,1|1|1|1|1
5,0.18,6,24,4.0,binding,True,9.350918777303166,9.350918777303166,9.350918777303166,0.0,0.0,True,True,1|1|1|1|2,1|1|1|1|2
5,0.18,7,24,3.4285714285714284,binding,True,10.025660509083757,10.025660509083757,10.025660509083755,0.0,1.7763568394002505e-15,True,True,1|1|1|1|3,1|1|1|1|3
5,0.18,8,24,3.0,binding,True,10.655451491572292,10.655451491572292,10.65545149157229,0.0,1.7763568394002505e-15,True,True,1|1|1|2|3,1|1|1|2|3
5,0.18,9,24,2.6666666666666665,binding,True,11.204077242878153,11.204077242878153,11.204077242878153,0.0,0.0,True,True,1|1|1|2|4,1|1|1|2|4
5,0.18,10,24,2.4,binding,True,11.697423649941573,11.697423649941573,11.69742364994157,0.0,3.552713678800501e-15,True,True,1|1|2|2|4,1|1|2|2|4
5,0.18,11,24,2.1818181818181817,binding,True,12.171276992454626,12.171276992454626,12.171276992454624,0.0,1.7763568394002505e-15,True,True,1|1|2|3|4,1|1|2|3|4
5,0.18,12,24,2.0,binding,True,12.55910435253109,12.55910435253109,12.559104352531087,0.0,3.552713678800501e-15,True,True,1|1|2|3|5,1|1|2|3|5
5,0.18,13,24,1.8461538461538463,binding,True,12.934086052070867,12.934086052070867,12.934086052070867,0.0,0.0,True,True,1|2|2|3|5,1|2|2|3|5
5,0.18,14,24,1.7142857142857142,binding,True,13.25978598036616,13.25978598036616,13.25978598036616,0.0,0.0,True,True,1|2|2|4|5,1|2|2|4|5
5,0.18,15,24,1.6,binding,True,13.581903965630328,13.581903965630328,13.581903965630328,0.0,0.0,True,True,1|2|3|4|5,1|2|3|4|5
5,0.18,16,24,1.5,binding,True,13.855434197186085,13.855434197186085,13.855434197186085,0.0,0.0,True,True,2|2|3|4|5,2|2|3|4|5
5,0.18,17,24,1.411764705882353,binding,True,14.063666887213454,14.063666887213454,14.063666887213456,0.0,-1.7763568394002505e-15,True,True,2|3|3|4|5,2|3|3|4|5
5,0.18,18,24,1.3333333333333333,binding,True,14.246419152778902,14.246419152778902,14.246419152778904,0.0,-1.7763568394002505e-15,True,True,2|3|4|4|5,2|3|4|4|5
5,0.18,19,24,1.263157894736842,binding,True,14.413815478244835,14.413815478244835,14.413815478244837,0.0,-1.7763568394002505e-15,True,True,2|3|4|5|5,2|3|4|5|5
5,0.18,20,24,1.2,binding,True,14.539484688886269,14.539484688886269,14.539484688886269,0.0,0.0,True,True,2|3|4|5|6,2|3|4|5|6
5,0.18,21,24,1.1428571428571428,binding,True,14.664390848789276,14.664390848789276,14.664390848789276,0.0,0.0,True,True,3|3|4|5|6,3|3|4|5|6
5,0.18,22,24,1.0909090909090908,binding,True,14.756299302244681,14.756299302244681,14.756299302244681,0.0,0.0,True,True,3|4|4|5|6,3|4|4|5|6
5,0.18,23,24,1.0434782608695652,binding,True,14.811016203502778,14.811016203502778,14.811016203502778,0.0,0.0,True,True,3|4|5|5|6,3|4|5|5|6
5,0.18,24,24,1.0,slack,True,14.847746909060982,14.847746909060982,14.847746909060982,0.0,0.0,True,True,4|4|5|5|6,4|4|5|5|6
5,0.18,25,24,0.96,slack,True,14.847746909060982,14.847746909060982,14.847746909060982,0.0,0.0,True,True,4|4|5|5|6,4|4|5|5|6
5,0.18,26,24,0.9230769230769231,slack,True,14.847746909060982,14.847746909060982,14.847746909060982,0.0,0.0,True,True,4|4|5|5|6,4|4|5|5|6
5,0.18,27,24,0.8888888888888888,slack,True,14.847746909060982,14.847746909060982,14.847746909060982,0.0,0.0,True,True,4|4|5|5|6,4|4|5|5|6
5,0.18,28,24,0.8571428571428571,slack,True,14.847746909060982,14.847746909060982,14.847746909060985,0.0,-3.552713678800501e-15,True,True,4|4|5|5|6,4|4|5|5|6
8,0.0,8,40,5.0,binding,True,13.69806609695357,13.69806609695357,13.698066096953571,0.0,-1.7763568394002505e-15,True,True,1|1|1|1|1|1|1|1,1|1|1|1|1|1|1|1
8,0.0,9,40,4.444444444444445,binding,True,14.191412504016988,14.191412504016988,14.19141250401699,0.0,-1.7763568394002505e-15,True,True,2|1|1|1|1|1|1|1,2|1|1|1|1|1|1|1
8,0.0,10,40,4.0,binding,True,14.684758911080406,14.684758911080406,14.684758911080408,0.0,-1.7763568394002505e-15,True,True,2|2|1|1|1|1|1|1,2|2|1|1|1|1|1|1
8,0.0,11,40,3.6363636363636362,binding,True,15.178105318143825,15.178105318143825,15.178105318143826,0.0,-1.7763568394002505e-15,True,True,2|2|2|1|1|1|1|1,2|2|2|1|1|1|1|1
8,0.0,12,40,3.3333333333333335,binding,True,15.671451725207243,15.671451725207243,15.671451725207245,0.0,-1.7763568394002505e-15,True,True,2|2|2|2|1|1|1|1,2|2|2|2|1|1|1|1
8,0.0,13,40,3.076923076923077,binding,True,16.16479813227066,16.16479813227066,16.16479813227066,0.0,0.0,True,True,2|2|2|2|2|1|1|1,2|2|2|2|2|1|1|1
8,0.0,14,40,2.857142857142857,binding,True,16.65814453933408,16.65814453933408,16.65814453933408,0.0,0.0,True,True,2|2|2|2|2|2|1|1,2|2|2|2|2|2|1|1
8,0.0,15,40,2.6666666666666665,binding,True,17.151490946397498,17.151490946397498,17.1514909463975,0.0,-3.552713678800501e-15,True,True,2|2|2|2|2|2|2|1,2|2|2|2|2|2|2|1
8,0.0,16,40,2.5,binding,True,17.644837353460918,17.644837353460918,17.644837353460918,0.0,0.0,True,True,2|2|2|2|2|2|2|2,2|2|2|2|2|2|2|2
8,0.0,17,40,2.3529411764705883,binding,True,17.966955338725086,17.966955338725086,17.966955338725086,0.0,0.0,True,True,3|2|2|2|2|2|2|2,3|2|2|2|2|2|2|2
8,0.0,18,40,2.2222222222222223,binding,True,18.289073323989253,18.289073323989253,18.289073323989253,0.0,0.0,True,True,3|3|2|2|2|2|2|2,3|3|2|2|2|2|2|2
8,0.0,19,40,2.1052631578947367,binding,True,18.61119130925342,18.61119130925342,18.61119130925342,0.0,0.0,True,True,3|3|3|2|2|2|2|2,3|3|3|2|2|2|2|2
8,0.0,20,40,2.0,binding,True,18.93330929451759,18.93330929451759,18.93330929451759,0.0,0.0,True,True,3|3|3|3|2|2|2|2,3|3|3|3|2|2|2|2
8,0.0,21,40,1.9047619047619047,binding,True,19.255427279781756,19.255427279781756,19.255427279781756,0.0,0.0,True,True,3|3|3|3|3|2|2|2,3|3|3|3|3|2|2|2
8,0.0,22,40,1.8181818181818181,binding,True,19.577545265045924,19.577545265045924,19.577545265045924,0.0,0.0,True,True,3|3|3|3|3|3|2|2,3|3|3|3|3|3|2|2
8,0.0,23,40,1.7391304347826086,binding,True,19.89966325031009,19.89966325031009,19.89966325031009,0.0,0.0,True,True,3|3|3|3|3|3|3|2,3|3|3|3|3|3|3|2
8,0.0,24,40,1.6666666666666667,binding,True,20.22178123557426,20.22178123557426,20.22178123557426,0.0,0.0,True,True,3|3|3|3|3|3|3|3,3|3|3|3|3|3|3|3
8,0.0,25,40,1.6,binding,True,20.404533501139706,20.404533501139706,20.404533501139706,0.0,0.0,True,True,4|3|3|3|3|3|3|3,4|3|3|3|3|3|3|3
8,0.0,26,40,1.5384615384615385,binding,True,20.587285766705154,20.587285766705154,20.587285766705154,0.0,0.0,True,True,4|4|3|3|3|3|3|3,4|4|3|3|3|3|3|3
8,0.0,27,40,1.4814814814814814,binding,True,20.7700380322706,20.7700380322706,20.7700380322706,0.0,0.0,True,True,4|4|4|3|3|3|3|3,4|4|4|3|3|3|3|3
8,0.0,28,40,1.4285714285714286,binding,True,20.95279029783605,20.95279029783605,20.95279029783605,0.0,0.0,True,True,4|4|4|4|3|3|3|3,4|4|4|4|3|3|3|3
8,0.0,29,40,1.3793103448275863,binding,True,21.1355425634015,21.1355425634015,21.135542563401497,0.0,3.552713678800501e-15,True,True,4|4|4|4|4|3|3|3,4|4|4|4|4|3|3|3
8,0.0,30,40,1.3333333333333333,binding,True,21.31829482896695,21.31829482896695,21.31829482896695,0.0,0.0,True,True,4|4|4|4|4|4|3|3,4|4|4|4|4|4|3|3
8,0.0,31,40,1.2903225806451613,binding,True,21.501047094532396,21.501047094532396,21.501047094532392,0.0,3.552713678800501e-15,True,True,4|4|4|4|4|4|4|3,4|4|4|4|4|4|4|3
8,0.0,32,40,1.25,binding,True,21.683799360097844,21.683799360097844,21.683799360097836,0.0,7.105427357601002e-15,True,True,4|4|4|4|4|4|4|4,4|4|4|4|4|4|4|4
8,0.0,33,40,1.2121212121212122,binding,True,21.73851626135594,21.73851626135594,21.73851626135594,0.0,0.0,True,True,5|4|4|4|4|4|4|4,5|4|4|4|4|4|4|4
8,0.0,34,40,1.1764705882352942,binding,True,21.793233162614037,21.793233162614037,21.793233162614033,0.0,3.552713678800501e-15,True,True,5|5|4|4|4|4|4|4,5|5|4|4|4|4|4|4
8,0.0,35,40,1.1428571428571428,binding,True,21.847950063872133,21.847950063872133,21.84795006387213,0.0,3.552713678800501e-15,True,True,5|5|5|4|4|4|4|4,5|5|5|4|4|4|4|4
8,0.0,36,40,1.1111111111111112,binding,True,21.90266696513023,21.90266696513023,21.902666965130233,0.0,-3.552713678800501e-15,True,True,5|5|5|5|4|4|4|4,5|5|5|5|4|4|4|4
8,0.0,37,40,1.0810810810810811,binding,True,21.957383866388327,21.957383866388327,21.957383866388316,0.0,1.0658141036401503e-14,True,True,5|5|5|5|5|4|4|4,5|5|5|5|5|4|4|4
8,0.0,38,40,1.0526315789473684,binding,True,22.012100767646423,22.012100767646423,22.01210076764642,0.0,3.552713678800501e-15,True,True,5|5|5|5|5|5|4|4,5|5|5|5|5|5|4|4
8,0.0,39,40,1.0256410256410255,binding,True,22.06681766890452,22.06681766890452,22.066817668904516,0.0,3.552713678800501e-15,True,True,5|5|5|5|5|5|5|4,5|5|5|5|5|5|5|4
8,0.0,40,40,1.0,slack,True,22.121534570162616,22.121534570162616,22.121534570162613,0.0,3.552713678800501e-15,True,True,5|5|5|5|5|5|5|5,5|5|5|5|5|5|5|5
8,0.0,41,40,0.975609756097561,slack,True,22.121534570162616,22.121534570162616,22.121534570162613,0.0,3.552713678800501e-15,True,True,5|5|5|5|5|5|5|5,5|5|5|5|5|5|5|5
8,0.0,42,40,0.9523809523809523,slack,True,22.121534570162616,22.121534570162616,22.121534570162616,0.0,0.0,True,True,5|5|5|5|5|5|5|5,5|5|5|5|5|5|5|5
8,0.0,43,40,0.9302325581395349,slack,True,22.121534570162616,22.121534570162616,22.121534570162613,0.0,3.552713678800501e-15,True,True,5|5|5|5|5|5|5|5,5|5|5|5|5|5|5|5
8,0.0,44,40,0.9090909090909091,slack,True,22.121534570162616,22.121534570162616,22.121534570162613,0.0,3.552713678800501e-15,True,True,5|5|5|5|5|5|5|5,5|5|5|5|5|5|5|5
8,0.1,8,39,4.875,binding,True,13.699217011180936,13.699217011180936,13.699217011180936,0.0,0.0,True,True,1|1|1|1|1|1|1|1,1|1|1|1|1|1|1|1
8,0.1,9,39,4.333333333333333,binding,True,14.345365775022163,14.345365775022163,14.345365775022161,0.0,1.7763568394002505e-15,True,True,1|1|1|1|1|1|1|2,1|1|1|1|1|1|1|2
8,0.1,10,39,3.9,binding,True,14.945435362907876,14.945435362907876,14.945435362907876,0.0,0.0,True,True,1|1|1|1|1|1|2|2,1|1|1|1|1|1|2|2
8,0.1,11,39,3.5454545454545454,binding,True,15.501399314264816,15.501399314264816,15.501399314264816,0.0,0.0,True,True,1|1|1|1|1|2|2|2,1|1|1|1|1|2|2|2
8,0.1,12,39,3.25,binding,True,16.015156177681657,16.015156177681657,16.015156177681654,0.0,3.552713678800501e-15,True,True,1|1|1|1|2|2|2|2,1|1|1|1|2|2|2|2
8,0.1,13,39,3.0,binding,True,16.50862701495025,16.50862701495025,16.508627014950246,0.0,3.552713678800501e-15,True,True,1|1|1|1|2|2|2|3,1|1|1|1|2|2|2|3
8,0.1,14,39,2.7857142857142856,binding,True,16.982016506053323,16.982016506053323,16.98201650605332,0.0,3.552713678800501e-15,True,True,1|1|1|2|2|2|2|3,1|1|1|2|2|2|2|3
8,0.1,15,39,2.6,binding,True,17.42100416431648,17.42100416431648,17.42100416431648,0.0,0.0,True,True,1|1|1|2|2|2|3|3,1|1|1|2|2|2|3|3
8,0.1,16,39,2.4375,binding,True,17.855818456831322,17.855818456831322,17.855818456831322,0.0,0.0,True,True,1|1|2|2|2|2|3|3,1|1|2|2|2|2|3|3
8,0.1,17,39,2.2941176470588234,binding,True,18.253810464839297,18.253810464839297,18.253810464839297,0.0,0.0,True,True,1|2|2|2|2|2|3|3,1|2|2|2|2|2|3|3
8,0.1,18,39,2.1666666666666665,binding,True,18.642912275948365,18.642912275948365,18.642912275948365,0.0,0.0,True,True,1|2|2|2|2|3|3|3,1|2|2|2|2|3|3|3
8,0.1,19,39,2.0526315789473686,binding,True,19.00580196824252,19.00580196824252,19.00580196824252,0.0,0.0,True,True,2|2|2|2|2|3|3|3,2|2|2|2|2|3|3|3
8,0.1,20,39,1.95,binding,True,19.351623561107672,19.351623561107672,19.351623561107676,0.0,-3.552713678800501e-15,True,True,2|2|2|2|2|3|3|4,2|2|2|2|2|3|3|4
8,0.1,21,39,1.8571428571428572,binding,True,19.69507570201438,19.69507570201438,19.69507570201438,0.0,0.0,True,True,2|2|2|2|3|3|3|4,2|2|2|2|3|3|3|4
8,0.1,22,39,1.7727272727272727,binding,True,19.996806335389703,19.996806335389703,19.996806335389703,0.0,0.0,True,True,2|2|2|3|3|3|3|4,2|2|2|3|3|3|3|4
8,0.1,23,39,1.6956521739130435,binding,True,20.28764501898225,20.28764501898225,20.28764501898225,0.0,0.0,True,True,2|2|2|3|3|3|4|4,2|2|2|3|3|3|4|4
8,0.1,24,39,1.625,binding,True,20.5513127679529,20.5513127679529,20.5513127679529,0.0,0.0,True,True,2|2|3|3|3|3|4|4,2|2|3|3|3|3|4|4
8,0.1,25,39,1.56,binding,True,20.794321214681805,20.794321214681805,20.79432121468181,0.0,-3.552713678800501e-15,True,True,2|2|3|3|3|4|4|4,2|2|3|3|3|4|4|4
8,0.1,26,39,1.5,binding,True,21.02334415571148,21.02334415571148,21.02334415571148,0.0,0.0,True,True,2|3|3|3|3|4|4|4,2|3|3|3|3|4|4|4
8,0.1,27,39,1.4444444444444444,binding,True,21.22477706681185,21.22477706681185,21.22477706681185,0.0,0.0,True,True,2|3|3|3|4|4|4|4,2|3|3|3|4|4|4|4
8,0.1,28,39,1.3928571428571428,binding,True,21.422355227639308,21.422355227639308,21.422355227639308,0.0,0.0,True,True,3|3|3|3|4|4|4|4,3|3|3|3|4|4|4|4
8,0.1,29,39,1.3448275862068966,binding,True,21.607557673906708,21.607557673906708,21.60755767390671,0.0,-3.552713678800501e-15,True,True,3|3|3|3|4|4|4|5,3|3|3|3|4|4|4|5
8,0.1,30,39,1.3,binding,True,21.772921993870884,21.772921993870884,21.772921993870884,0.0,0.0,True,True,3|3|3|4|4|4|4|5,3|3|3|4|4|4|4|5
8,0.1,31,39,1.2580645161290323,binding,True,21.91053376045116,21.91053376045116,21.910533760451163,0.0,-3.552713678800501e-15,True,True,3|3|3|4|4|4|5|5,3|3|3|4|4|4|5|5
8,0.1,32,39,1.21875,binding,True,22.044700563958642,22.044700563958642,22.044700563958646,0.0,-3.552713678800501e-15,True,True,3|3|4|4|4|4|5|5,3|3|4|4|4|4|5|5
8,0.1,33,39,1.1818181818181819,binding,True,22.151991361394217,22.151991361394217,22.15199136139422,0.0,-3.552713678800501e-15,True,True,3|4|4|4|4|4|5|5,3|4|4|4|4|4|5|5
8,0.1,34,39,1.1470588235294117,binding,True,22.25105632139372,22.25105632139372,22.25105632139372,0.0,0.0,True,True,3|4|4|4|4|5|5|5,3|4|4|4|4|5|5|5
8,0.1,35,39,1.1142857142857143,binding,True,22.33531142839611,22.33531142839611,22.33531142839611,0.0,0.0,True,True,4|4|4|4|4|5|5|5,4|4|4|4|4|5|5|5
8,0.1,36,39,1.0833333333333333,binding,True,22.403235884119248,22.403235884119248,22.403235884119248,0.0,0.0,True,True,4|4|4|4|5|5|5|5,4|4|4|4|5|5|5|5
8,0.1,37,39,1.054054054054054,binding,True,22.446133406255008,22.446133406255008,22.44613340625501,0.0,-3.552713678800501e-15,True,True,4|4|4|5|5|5|5|5,4|4|4|5|5|5|5|5
8,0.1,38,39,1.0263157894736843,binding,True,22.469076855727764,22.469076855727764,22.469076855727778,0.0,-1.4210854715202004e-14,True,True,4|4|5|5|5|5|5|5,4|4|5|5|5|5|5|5
8,0.1,39,39,1.0,slack,True,22.47628814354508,22.47628814354508,22.47628814354508,0.0,0.0,True,True,4|5|5|5|5|5|5|5,4|5|5|5|5|5|5|5
8,0.1,40,39,0.975,slack,True,22.47628814354508,22.47628814354508,22.476288143545084,0.0,-3.552713678800501e-15,True,True,4|5|5|5|5|5|5|5,4|5|5|5|5|5|5|5
8,0.1,41,39,0.9512195121951219,slack,True,22.47628814354508,22.47628814354508,22.47628814354508,0.0,0.0,True,True,4|5|5|5|5|5|5|5,4|5|5|5|5|5|5|5
8,0.1,42,39,0.9285714285714286,slack,True,22.47628814354508,22.47628814354508,22.47628814354508,0.0,0.0,True,True,4|5|5|5|5|5|5|5,4|5|5|5|5|5|5|5
8,0.1,43,39,0.9069767441860465,slack,True,22.47628814354508,22.47628814354508,22.47628814354508,0.0,0.0,True,True,4|5|5|5|5|5|5|5,4|5|5|5|5|5|5|5
8,0.18,8,39,4.875,binding,True,13.702038416029989,13.702038416029989,13.702038416029987,0.0,1.7763568394002505e-15,True,True,1|1|1|1|1|1|1|1,1|1|1|1|1|1|1|1
8,0.18,9,39,4.333333333333333,binding,True,14.488733353422784,14.488733353422784,14.488733353422782,0.0,1.7763568394002505e-15,True,True,1|1|1|1|1|1|1|2,1|1|1|1|1|1|1|2
8,0.18,10,39,3.9,binding,True,15.183034444365273,15.183034444365273,15.183034444365273,0.0,0.0,True,True,1|1|1|1|1|1|2|2,1|1|1|1|1|1|2|2
8,0.18,11,39,3.5454545454545454,binding,True,15.857776176145862,15.857776176145862,15.857776176145862,0.0,0.0,True,True,1|1|1|1|1|1|2|3,1|1|1|1|1|1|2|3
8,0.18,12,39,3.25,binding,True,16.466900954433477,16.466900954433477,16.466900954433477,0.0,0.0,True,True,1|1|1|1|1|2|2|3,1|1|1|1|1|2|2|3
8,0.18,13,39,3.0,binding,True,17.01989103778505,17.01989103778505,17.01989103778505,0.0,0.0,True,True,1|1|1|1|1|2|3|3,1|1|1|1|1|2|3|3
8,0.18,14,39,2.7857142857142856,binding,True,17.568516789090914,17.568516789090914,17.568516789090914,0.0,0.0,True,True,1|1|1|1|1|2|3|4,1|1|1|1|1|2|3|4
8,0.18,15,39,2.6,binding,True,18.098932721157396,18.098932721157396,18.098932721157396,0.0,0.0,True,True,1|1|1|1|2|2|3|4,1|1|1|1|2|2|3|4
8,0.18,16,39,2.4375,binding,True,18.5566794312432,18.5566794312432,18.5566794312432,0.0,0.0,True,True,1|1|1|2|2|2|3|4,1|1|1|2|2|2|3|4
8,0.18,17,39,2.2941176470588234,binding,True,19.00618321899292,19.00618321899292,19.00618321899292,0.0,0.0,True,True,1|1|1|2|2|3|3|4,1|1|1|2|2|3|3|4
8,0.18,18,39,2.1666666666666665,binding,True,19.41525001301443,19.41525001301443,19.415250013014425,0.0,3.552713678800501e-15,True,True,1|1|1|2|2|3|4|4,1|1|1|2|2|3|4|4
8,0.18,19,39,2.0526315789473686,binding,True,19.80608492020572,19.80608492020572,19.80608492020572,0.0,0.0,True,True,1|1|2|2|2|3|4|4,1|1|2|2|2|3|4|4
8,0.18,20,39,1.95,binding,True,20.193912280282184,20.193912280282184,20.193912280282184,0.0,0.0,True,True,1|1|2|2|2|3|4|5,1|1|2|2|2|3|4|5
8,0.18,21,39,1.8571428571428572,binding,True,20.555136649389937,20.555136649389937,20.555136649389933,0.0,3.552713678800501e-15,True,True,1|1|2|2|3|3|4|5,1|1|2|2|3|3|4|5
8,0.18,22,39,1.7727272727272727,binding,True,20.884616017285527,20.884616017285527,20.884616017285527,0.0,0.0,True,True,1|2|2|2|3|3|4|5,1|2|2|2|3|3|4|5
8,0.18,23,39,1.6956521739130435,binding,True,21.18584710897869,21.18584710897869,21.18584710897869,0.0,0.0,True,True,1|2|2|2|3|4|4|5,1|2|2|2|3|4|4|5
8,0.18,24,39,1.625,binding,True,21.471927593418158,21.471927593418158,21.471927593418155,0.0,3.552713678800501e-15,True,True,1|2|2|3|3|4|4|5,1|2|2|3|3|4|4|5
8,0.18,25,39,1.56,binding,True,21.745457824973915,21.745457824973915,21.74545782497391,0.0,3.552713678800501e-15,True,True,2|2|2|3|3|4|4|5,2|2|2|3|3|4|4|5
8,0.18,26,39,1.5,binding,True,21.9894237695108,21.9894237695108,21.989423769510797,0.0,3.552713678800501e-15,True,True,2|2|2|3|3|4|5|5,2|2|2|3|3|4|5|5
8,0.18,27,39,1.4444444444444444,binding,True,22.21190839100953,22.21190839100953,22.21190839100953,0.0,0.0,True,True,2|2|3|3|3|4|5|5,2|2|3|3|3|4|5|5
8,0.18,28,39,1.3928571428571428,binding,True,22.42927165173229,22.42927165173229,22.42927165173229,0.0,0.0,True,True,2|2|3|3|4|4|5|5,2|2|3|3|4|4|5|5
8,0.18,29,39,1.3448275862068966,binding,True,22.59840485135211,22.59840485135211,22.59840485135211,0.0,0.0,True,True,2|3|3|3|4|4|5|5,2|3|3|3|4|4|5|5
8,0.18,30,39,1.3,binding,True,22.75073812395407,22.75073812395407,22.75073812395407,0.0,0.0,True,True,2|3|3|4|4|4|5|5,2|3|3|4|4|4|5|5
8,0.18,31,39,1.2580645161290323,binding,True,22.897084648248253,22.897084648248253,22.897084648248253,0.0,0.0,True,True,2|3|3|4|4|5|5|5,2|3|3|4|4|5|5|5
8,0.18,32,39,1.21875,binding,True,23.022753858889686,23.022753858889686,23.022753858889683,0.0,3.552713678800501e-15,True,True,2|3|3|4|4|5|5|6,2|3|3|4|4|5|5|6
8,0.18,33,39,1.1818181818181819,binding,True,23.147660018792692,23.147660018792692,23.147660018792692,0.0,0.0,True,True,3|3|3|4|4|5|5|6,3|3|3|4|4|5|5|6
8,0.18,34,39,1.1470588235294117,binding,True,23.25005080748224,23.25005080748224,23.250050807482236,0.0,3.552713678800501e-15,True,True,3|3|4|4|4|5|5|6,3|3|4|4|4|5|5|6
8,0.18,35,39,1.1142857142857143,binding,True,23.329631908137685,23.329631908137685,23.32963190813769,0.0,-3.552713678800501e-15,True,True,3|3|4|4|5|5|5|6,3|3|4|4|5|5|5|6
8,0.18,36,39,1.0833333333333333,binding,True,23.394265773700717,23.394265773700717,23.394265773700717,0.0,0.0,True,True,3|4|4|4|5|5|5|6,3|4|4|4|5|5|5|6
8,0.18,37,39,1.054054054054054,binding,True,23.430996479258923,23.430996479258923,23.430996479258926,0.0,-3.552713678800501e-15,True,True,4|4|4|4|5|5|5|6,4|4|4|4|5|5|5|6
8,0.18,38,39,1.0263157894736843,binding,True,23.46535499616818,23.46535499616818,23.465354996168177,0.0,3.552713678800501e-15,True,True,4|4|4|5|5|5|5|6,4|4|4|5|5|5|5|6
8,0.18,39,39,1.0,slack,True,23.46986227889181,23.46986227889181,23.469862278891807,0.0,3.552713678800501e-15,True,True,4|4|5|5|5|5|5|6,4|4|5|5|5|5|5|6
8,0.18,40,39,0.975,slack,True,23.46986227889181,23.46986227889181,23.469862278891807,0.0,3.552713678800501e-15,True,True,4|4|5|5|5|5|5|6,4|4|5|5|5|5|5|6
8,0.18,41,39,0.9512195121951219,slack,True,23.46986227889181,23.46986227889181,23.469862278891803,0.0,7.105427357601002e-15,True,True,4|4|5|5|5|5|5|6,4|4|5|5|5|5|5|6
8,0.18,42,39,0.9285714285714286,slack,True,23.46986227889181,23.46986227889181,23.46986227889181,0.0,0.0,True,True,4|4|5|5|5|5|5|6,4|4|5|5|5|5|5|6
8,0.18,43,39,0.9069767441860465,slack,True,23.46986227889181,23.46986227889181,23.4698622788918,0.0,1.0658141036401503e-14,True,True,4|4|5|5|5|5|5|6,4|4|5|5|5|5|5|6
