run_name,model_name,dataset,shape_mode,k,f,fanout_budget,fan_out_list_hit,fan_out_list_miss,batch_size,temperature,numseqs,output_len,official_end_to_end_throughput,metrics_decode_throughput,metrics_avg_accepted_suffix_lens_with_recovery,metrics_avg_accepted_suffix_lens_on_hit,metrics_avg_accepted_suffix_lens_on_miss,metrics_avg_cache_hits,metrics_avg_target_verify_time_ms,metrics_decode_tokens_per_target_verify_second,metrics_accepted_suffix_tokens_per_target_verify_second,metrics_spec_steps
geom_qwen8b_B16_k2_a0.8_r0.8_n4_o64_off0,Qwen3-8B,alpaca,async_ssd,2,1,16,"[4, 4, 8]","[4, 4, 8]",1,0.0,4,64,37.12102982593311,49.43103438342568,2.3035714285714284,2.351063829787234,2.0555555555555554,0.8392857142857143,31.76686926079648,72.51490254389871,72.51490254389871,112
geom_qwen8b_B16_k2_a0.8_r0.8_n4_o64_off4,Qwen3-8B,alpaca,async_ssd,2,1,16,"[4, 4, 8]","[4, 4, 8]",1,0.0,4,64,40.852408360549454,52.657469372396385,2.2033898305084745,2.2688172043010755,1.96,0.788135593220339,31.32062054917974,70.34949473777841,70.34949473777841,118
geom_qwen8b_B16_k2_a0.8_r0.8_n4_o64_off8,Qwen3-8B,alpaca,async_ssd,2,1,16,"[4, 4, 8]","[4, 4, 8]",1,0.0,4,64,40.593775833243924,54.87452216708637,2.3423423423423424,2.3076923076923075,2.5,0.8198198198198198,31.321537018090755,74.78376112224147,74.78376112224147,111
geom_qwen8b_B24_k2_a0.8_r0.8_n4_o64_off0,Qwen3-8B,alpaca,async_ssd,2,1,24,"[6, 6, 12]","[6, 6, 12]",1,0.0,4,64,45.367662292507646,56.11734600619178,2.3035714285714284,2.336734693877551,2.0714285714285716,0.875,31.405687465199403,73.34886176664698,73.34886176664698,112
geom_qwen8b_B24_k2_a0.8_r0.8_n4_o64_off4,Qwen3-8B,alpaca,async_ssd,2,1,24,"[6, 6, 12]","[6, 6, 12]",1,0.0,4,64,41.906934556695994,54.46797369306174,2.1666666666666665,2.1862745098039214,2.0555555555555554,0.85,31.211437409122784,69.4189965769847,69.4189965769847,120
geom_qwen8b_B24_k2_a0.8_r0.8_n4_o64_off8,Qwen3-8B,alpaca,async_ssd,2,1,24,"[6, 6, 12]","[6, 6, 12]",1,0.0,4,64,45.73156620530991,58.50451747672031,2.3423423423423424,2.3297872340425534,2.411764705882353,0.8468468468468469,31.093714070749712,75.33170006685744,75.33170006685744,111
geom_qwen8b_B36_k2_a0.8_r0.8_n4_o64_off0,Qwen3-8B,alpaca,async_ssd,2,1,36,"[10, 8, 18]","[10, 8, 18]",1,0.0,4,64,47.168871953603485,57.389808839074554,2.3035714285714284,2.3366336633663365,2.0,0.9017857142857143,31.211396646020667,73.80545813752057,73.80545813752057,112
geom_qwen8b_B36_k2_a0.8_r0.8_n4_o64_off4,Qwen3-8B,alpaca,async_ssd,2,1,36,"[10, 8, 18]","[10, 8, 18]",1,0.0,4,64,41.975897617670334,52.881389815950286,2.1848739495798317,2.2095238095238097,2.0,0.8823529411764706,31.227665726377182,69.96597083893872,69.96597083893872,119
geom_qwen8b_B36_k2_a0.8_r0.8_n4_o64_off8,Qwen3-8B,alpaca,async_ssd,2,1,36,"[10, 8, 18]","[10, 8, 18]",1,0.0,4,64,42.5245718252913,58.700511074185165,2.3214285714285716,2.326530612244898,2.2857142857142856,0.875,31.08257900125214,74.68584158782494,74.68584158782494,112
geom_qwen8b_B16_k4_a0.8_r0.8_n4_o64_off0,Qwen3-8B,alpaca,async_ssd,4,1,16,"[3, 3, 3, 2, 5]","[3, 3, 3, 2, 5]",1,0.0,4,64,46.89647258971478,67.4485642226853,3.0697674418604652,3.19672131147541,2.76,0.7093023255813954,31.860982825936272,96.34879936476838,96.34879936476838,86
geom_qwen8b_B16_k4_a0.8_r0.8_n4_o64_off4,Qwen3-8B,alpaca,async_ssd,4,1,16,"[3, 3, 3, 2, 5]","[3, 3, 3, 2, 5]",1,0.0,4,64,43.761221308264055,64.69443604052555,2.7578947368421054,2.791044776119403,2.6785714285714284,0.7052631578947368,31.160871566910494,88.50505772664889,88.50505772664889,95
geom_qwen8b_B16_k4_a0.8_r0.8_n4_o64_off8,Qwen3-8B,alpaca,async_ssd,4,1,16,"[3, 3, 3, 2, 5]","[3, 3, 3, 2, 5]",1,0.0,4,64,51.5335134048388,66.59261925435042,3.0952380952380953,3.107142857142857,3.0714285714285716,0.6666666666666666,31.255322153724375,99.03075322707136,99.03075322707136,84
geom_qwen8b_B24_k4_a0.8_r0.8_n4_o64_off0,Qwen3-8B,alpaca,async_ssd,4,1,24,"[5, 4, 4, 4, 7]","[5, 4, 4, 4, 7]",1,0.0,4,64,54.526430171233336,73.44014152148165,3.1058823529411765,3.227272727272727,2.6842105263157894,0.7764705882352941,31.489949410452564,98.63090957873152,98.63090957873152,85
geom_qwen8b_B24_k4_a0.8_r0.8_n4_o64_off4,Qwen3-8B,alpaca,async_ssd,4,1,24,"[5, 4, 4, 4, 7]","[5, 4, 4, 4, 7]",1,0.0,4,64,43.67715795582592,63.44517330935012,2.7578947368421054,2.859154929577465,2.4583333333333335,0.7473684210526316,31.273871699446126,88.18526734862024,88.18526734862024,95
geom_qwen8b_B24_k4_a0.8_r0.8_n4_o64_off8,Qwen3-8B,alpaca,async_ssd,4,1,24,"[5, 4, 4, 4, 7]","[5, 4, 4, 4, 7]",1,0.0,4,64,52.42184540263872,71.50741644275746,3.1325301204819276,3.096774193548387,3.238095238095238,0.7469879518072289,31.45714193941599,99.5808877524518,99.5808877524518,83
geom_qwen8b_B36_k4_a0.8_r0.8_n4_o64_off0,Qwen3-8B,alpaca,async_ssd,4,1,36,"[7, 7, 6, 5, 11]","[7, 7, 6, 5, 11]",1,0.0,4,64,49.81047400587858,74.9659179857462,3.0697674418604652,3.1594202898550723,2.7058823529411766,0.8023255813953488,31.450502141270526,97.60630937056492,97.60630937056492,86
geom_qwen8b_B36_k4_a0.8_r0.8_n4_o64_off4,Qwen3-8B,alpaca,async_ssd,4,1,36,"[7, 7, 6, 5, 11]","[7, 7, 6, 5, 11]",1,0.0,4,64,52.30241101946517,68.50268826346182,2.7578947368421054,2.759493670886076,2.75,0.8315789473684211,31.165165454149246,88.49286363968032,88.49286363968032,95
geom_qwen8b_B36_k4_a0.8_r0.8_n4_o64_off8,Qwen3-8B,alpaca,async_ssd,4,1,36,"[7, 7, 6, 5, 11]","[7, 7, 6, 5, 11]",1,0.0,4,64,50.13199341964428,74.19100950224265,3.0952380952380953,3.1470588235294117,2.875,0.8095238095238095,31.454768874460743,98.40282430913776,98.40282430913776,84
geom_qwen8b_B16_k6_a0.8_r0.8_n4_o64_off0,Qwen3-8B,alpaca,async_ssd,6,1,16,"[3, 2, 2, 2, 2, 2, 3]","[3, 2, 2, 2, 2, 2, 3]",1,0.0,4,64,54.83838469990522,71.9727340025224,3.3037974683544302,3.388888888888889,3.12,0.6835443037974683,31.66990571572811,104.31977594153928,104.31977594153928,79
geom_qwen8b_B16_k6_a0.8_r0.8_n4_o64_off4,Qwen3-8B,alpaca,async_ssd,6,1,16,"[3, 2, 2, 2, 2, 2, 3]","[3, 2, 2, 2, 2, 2, 3]",1,0.0,4,64,49.62659826594217,67.30945468317344,3.104651162790698,3.1666666666666665,3.0,0.627906976744186,31.757208063851955,97.76209409052574,97.76209409052574,86
geom_qwen8b_B16_k6_a0.8_r0.8_n4_o64_off8,Qwen3-8B,alpaca,async_ssd,6,1,16,"[3, 2, 2, 2, 2, 2, 3]","[3, 2, 2, 2, 2, 2, 3]",1,0.0,4,64,47.76507668582978,70.5840036375575,3.493333333333333,3.8780487804878048,3.0294117647058822,0.5466666666666666,31.81655004620552,109.79610700280662,109.79610700280662,75
geom_qwen8b_B24_k6_a0.8_r0.8_n4_o64_off0,Qwen3-8B,alpaca,async_ssd,6,1,24,"[4, 4, 3, 3, 3, 2, 5]","[4, 4, 3, 3, 3, 2, 5]",1,0.0,4,64,50.62352266588541,75.70809371150936,3.3037974683544302,3.3684210526315788,3.1363636363636362,0.7215189873417721,31.370049554713166,105.31693495071494,105.31693495071494,79
geom_qwen8b_B24_k6_a0.8_r0.8_n4_o64_off4,Qwen3-8B,alpaca,async_ssd,6,1,24,"[4, 4, 3, 3, 3, 2, 5]","[4, 4, 3, 3, 3, 2, 5]",1,0.0,4,64,49.83098981644049,65.8605234124137,3.0689655172413794,3.2,2.7777777777777777,0.6896551724137931,31.272903769865803,98.13497140609623,98.13497140609623,87
geom_qwen8b_B24_k6_a0.8_r0.8_n4_o64_off8,Qwen3-8B,alpaca,async_ssd,6,1,24,"[4, 4, 3, 3, 3, 2, 5]","[4, 4, 3, 3, 3, 2, 5]",1,0.0,4,64,58.62225561812951,78.7009931083621,3.589041095890411,3.5531914893617023,3.6538461538461537,0.6438356164383562,31.441933539223996,114.1482311007706,114.1482311007706,73
geom_qwen8b_B36_k6_a0.8_r0.8_n4_o64_off0,Qwen3-8B,alpaca,async_ssd,6,1,36,"[6, 6, 5, 4, 4, 4, 7]","[6, 6, 5, 4, 4, 4, 7]",1,0.0,4,64,54.418781649608896,74.13691453992004,3.3461538461538463,3.4098360655737703,3.1176470588235294,0.782051282051282,31.948819804268005,104.73481858340311,104.73481858340311,78
geom_qwen8b_B36_k6_a0.8_r0.8_n4_o64_off4,Qwen3-8B,alpaca,async_ssd,6,1,36,"[6, 6, 5, 4, 4, 4, 7]","[6, 6, 5, 4, 4, 4, 7]",1,0.0,4,64,43.303037873901644,69.06789929935448,3.034090909090909,3.0,3.1666666666666665,0.7954545454545454,31.52619899165901,96.24030191186854,96.24030191186854,88
geom_qwen8b_B36_k6_a0.8_r0.8_n4_o64_off8,Qwen3-8B,alpaca,async_ssd,6,1,36,"[6, 6, 5, 4, 4, 4, 7]","[6, 6, 5, 4, 4, 4, 7]",1,0.0,4,64,47.454074447800515,76.30680990367216,3.5405405405405403,3.547169811320755,3.5238095238095237,0.7162162162162162,31.329506504777317,113.0097769015499,113.0097769015499,74
geom_qwen8b_B16_k8_a0.8_r0.8_n4_o64_off0,Qwen3-8B,alpaca,async_ssd,8,1,16,"[3, 2, 2, 2, 2, 1, 1, 1, 2]","[3, 2, 2, 2, 2, 1, 1, 1, 2]",1,0.0,4,64,41.767846724780725,62.2619979700118,3.638888888888889,3.7450980392156863,3.380952380952381,0.7083333333333334,32.91886170498199,110.54115180228646,110.54115180228646,72
geom_qwen8b_B16_k8_a0.8_r0.8_n4_o64_off4,Qwen3-8B,alpaca,async_ssd,8,1,16,"[3, 2, 2, 2, 2, 1, 1, 1, 2]","[3, 2, 2, 2, 2, 1, 1, 1, 2]",1,0.0,4,64,39.73334307293336,53.41086664423195,3.1176470588235294,3.235294117647059,2.9411764705882355,0.6,33.741648232235626,92.39759235724101,92.39759235724101,85
geom_qwen8b_B16_k8_a0.8_r0.8_n4_o64_off8,Qwen3-8B,alpaca,async_ssd,8,1,16,"[3, 2, 2, 2, 2, 1, 1, 1, 2]","[3, 2, 2, 2, 2, 1, 1, 1, 2]",1,0.0,4,64,37.47686622253697,57.62186308083397,3.8309859154929575,4.882352941176471,2.864864864864865,0.4788732394366197,33.43099387178958,114.5938385853882,114.5938385853882,71
geom_qwen8b_B24_k8_a0.8_r0.8_n4_o64_off0,Qwen3-8B,alpaca,async_ssd,8,1,24,"[4, 3, 3, 3, 2, 2, 2, 2, 3]","[4, 3, 3, 3, 2, 2, 2, 2, 3]",1,0.0,4,64,49.98217730213261,63.10985770389116,3.638888888888889,3.6923076923076925,3.5,0.7222222222222222,32.3265657449762,112.56651627011756,112.56651627011756,72
geom_qwen8b_B24_k8_a0.8_r0.8_n4_o64_off4,Qwen3-8B,alpaca,async_ssd,8,1,24,"[4, 3, 3, 3, 2, 2, 2, 2, 3]","[4, 3, 3, 3, 2, 2, 2, 2, 3]",1,0.0,4,64,36.99117324458278,50.765559242249424,3.1176470588235294,3.290909090909091,2.8,0.6470588235294118,32.481301707379956,95.98282380767948,95.98282380767948,85
geom_qwen8b_B24_k8_a0.8_r0.8_n4_o64_off8,Qwen3-8B,alpaca,async_ssd,8,1,24,"[4, 3, 3, 3, 2, 2, 2, 2, 3]","[4, 3, 3, 3, 2, 2, 2, 2, 3]",1,0.0,4,64,43.404647418989434,63.10540932910095,3.8857142857142857,4.461538461538462,3.161290322580645,0.5571428571428572,33.99768093866961,114.29350998157642,114.29350998157642,70
geom_qwen8b_B36_k8_a0.8_r0.8_n4_o64_off0,Qwen3-8B,alpaca,async_ssd,8,1,36,"[6, 5, 4, 4, 4, 3, 3, 2, 5]","[6, 5, 4, 4, 4, 3, 3, 2, 5]",1,0.0,4,64,46.795715480232076,65.9165793786243,3.638888888888889,3.5964912280701755,3.8,0.7916666666666666,32.24485455494788,112.85176934781714,112.85176934781714,72
geom_qwen8b_B36_k8_a0.8_r0.8_n4_o64_off4,Qwen3-8B,alpaca,async_ssd,8,1,36,"[6, 5, 4, 4, 4, 3, 3, 2, 5]","[6, 5, 4, 4, 4, 3, 3, 2, 5]",1,0.0,4,64,39.72602519361382,53.438503870486066,3.1176470588235294,3.234375,2.761904761904762,0.7529411764705882,33.51083915023243,93.03398953535026,93.03398953535026,85
geom_qwen8b_B36_k8_a0.8_r0.8_n4_o64_off8,Qwen3-8B,alpaca,async_ssd,8,1,36,"[6, 5, 4, 4, 4, 3, 3, 2, 5]","[6, 5, 4, 4, 4, 3, 3, 2, 5]",1,0.0,4,64,43.99278770908154,64.62662792630697,3.8309859154929575,4.130434782608695,3.28,0.647887323943662,33.67434436796417,113.76571652386905,113.76571652386905,71
geom_qwen8b_B16_k10_a0.8_r0.8_n4_o64_off0,Qwen3-8B,alpaca,async_ssd,10,1,16,"[2, 2, 2, 1, 1, 1, 1, 2, 2, 1, 1]","[2, 2, 2, 1, 1, 1, 1, 2, 2, 1, 1]",1,0.0,4,64,36.04426265801061,52.771693389614526,3.9545454545454546,4.171428571428572,3.7096774193548385,0.5303030303030303,34.04621063082507,116.1522936407217,116.1522936407217,66
geom_qwen8b_B16_k10_a0.8_r0.8_n4_o64_off4,Qwen3-8B,alpaca,async_ssd,10,1,16,"[2, 2, 2, 1, 1, 1, 1, 2, 2, 1, 1]","[2, 2, 2, 1, 1, 1, 1, 2, 2, 1, 1]",1,0.0,4,64,32.66550261494854,43.27858305762091,3.271604938271605,3.4,3.1463414634146343,0.49382716049382713,34.020007484489014,96.16708461229031,96.16708461229031,81
geom_qwen8b_B16_k10_a0.8_r0.8_n4_o64_off8,Qwen3-8B,alpaca,async_ssd,10,1,16,"[2, 2, 2, 1, 1, 1, 1, 2, 2, 1, 1]","[2, 2, 2, 1, 1, 1, 1, 2, 2, 1, 1]",1,0.0,4,64,34.013598573949025,48.00801311553009,3.8676470588235294,4.92,3.255813953488372,0.36764705882352944,34.07010271707002,113.52026411372503,113.52026411372503,68
geom_qwen8b_B24_k10_a0.8_r0.8_n4_o64_off0,Qwen3-8B,alpaca,async_ssd,10,1,24,"[4, 3, 3, 2, 2, 2, 2, 1, 1, 1, 3]","[4, 3, 3, 2, 2, 2, 2, 1, 1, 1, 3]",1,0.0,4,64,39.56832531716258,57.51842896995272,3.9545454545454546,4.133333333333334,3.5714285714285716,0.6818181818181818,33.79354439675808,117.02073650862224,117.02073650862224,66
geom_qwen8b_B24_k10_a0.8_r0.8_n4_o64_off4,Qwen3-8B,alpaca,async_ssd,10,1,24,"[4, 3, 3, 2, 2, 2, 2, 1, 1, 1, 3]","[4, 3, 3, 2, 2, 2, 2, 1, 1, 1, 3]",1,0.0,4,64,33.40971676776677,46.00695106673457,3.271604938271605,3.4705882352941178,2.933333333333333,0.6296296296296297,34.200040094646404,95.66085095858512,95.66085095858512,81
geom_qwen8b_B24_k10_a0.8_r0.8_n4_o64_off8,Qwen3-8B,alpaca,async_ssd,10,1,24,"[4, 3, 3, 2, 2, 2, 2, 1, 1, 1, 3]","[4, 3, 3, 2, 2, 2, 2, 1, 1, 1, 3]",1,0.0,4,64,32.936324237122975,51.16234380240366,3.925373134328358,4.735294117647059,3.090909090909091,0.5074626865671642,34.25735907990541,114.58481446781731,114.58481446781731,67
geom_qwen8b_B36_k10_a0.8_r0.8_n4_o64_off0,Qwen3-8B,alpaca,async_ssd,10,1,36,"[5, 5, 4, 4, 3, 3, 2, 2, 2, 2, 4]","[5, 5, 4, 4, 3, 3, 2, 2, 2, 2, 4]",1,0.0,4,64,39.85829841057816,58.70322008936768,4.015384615384615,4.081632653061225,3.8125,0.7538461538461538,34.125850693537636,117.66401521955328,117.66401521955328,65
geom_qwen8b_B36_k10_a0.8_r0.8_n4_o64_off4,Qwen3-8B,alpaca,async_ssd,10,1,36,"[5, 5, 4, 4, 3, 3, 2, 2, 2, 2, 4]","[5, 5, 4, 4, 3, 3, 2, 2, 2, 2, 4]",1,0.0,4,64,32.46153038257614,47.563828488959565,3.271604938271605,3.4827586206896552,2.739130434782609,0.7160493827160493,33.69206148717139,97.103139251877,97.103139251877,81
geom_qwen8b_B36_k10_a0.8_r0.8_n4_o64_off8,Qwen3-8B,alpaca,async_ssd,10,1,36,"[5, 5, 4, 4, 3, 3, 2, 2, 2, 2, 4]","[5, 5, 4, 4, 3, 3, 2, 2, 2, 2, 4]",1,0.0,4,64,34.85547128429407,53.05711175336626,3.8676470588235294,4.209302325581396,3.28,0.6323529411764706,34.414125606417656,112.3854519233311,112.3854519233311,68
